Job,Experience,URLs,Salary
junior programmer,2,https://www.jobstreet.com.ph/en/job/junior-programmer-13002608?jobId=jobstreet-ph-job-13002608&sectionRank=4&token=0~66c065e5-4920-4a89-a4ed-5b942328f138&fr=SRP%20Job%20Listing,15000.0
programmer/software engineer,2,https://www.jobstreet.com.ph/en/job/programmer-software-engineer-13020177?jobId=jobstreet-ph-job-13020177&sectionRank=8&token=0~66c065e5-4920-4a89-a4ed-5b942328f138&fr=SRP%20Job%20Listing,25000.0
junior java developer,2,https://www.jobstreet.com.ph/en/job/junior-java-developer-13007360?jobId=jobstreet-ph-job-13007360&sectionRank=9&token=0~66c065e5-4920-4a89-a4ed-5b942328f138&fr=SRP%20Job%20Listing,25000.0
junior backend developer,2,https://www.jobstreet.com.ph/en/job/junior-backend-developer-13013518?jobId=jobstreet-ph-job-13013518&sectionRank=12&token=0~66c065e5-4920-4a89-a4ed-5b942328f138&fr=SRP%20Job%20Listing,20000.0
"android developer ( junior, mid, senior )",3,https://www.jobstreet.com.ph/en/job/android-developer-junior-mid-senior-13039027?jobId=jobstreet-ph-job-13039027&sectionRank=25&token=0~66c065e5-4920-4a89-a4ed-5b942328f138&fr=SRP%20Job%20Listing,45000.0
"ios developer ( junior,mid,senior)",3,https://www.jobstreet.com.ph/en/job/ios-developer-junior-mid-senior-13038897?jobId=jobstreet-ph-job-13038897&sectionRank=26&token=0~66c065e5-4920-4a89-a4ed-5b942328f138&fr=SRP%20Job%20Listing,45000.0
"api/ web developer ( junior, mid, senior )",3,https://www.jobstreet.com.ph/en/job/api-web-developer-junior-mid-senior-13039238?jobId=jobstreet-ph-job-13039238&sectionRank=29&token=0~66c065e5-4920-4a89-a4ed-5b942328f138&fr=SRP%20Job%20Listing,35000.0
oracle developer (junior to mid level),2,https://www.jobstreet.com.ph/en/job/oracle-developer-junior-to-mid-level-12999718?jobId=jobstreet-ph-job-12999718&sectionRank=31&token=0~78ea7e5d-826b-4fab-b98a-66f94b5765e1&fr=SRP%20Job%20Listing,35000.0
software engineer (python),4,https://www.jobstreet.com.ph/en/job/software-engineer-python-13019252?jobId=jobstreet-ph-job-13019252&sectionRank=41&token=0~78ea7e5d-826b-4fab-b98a-66f94b5765e1&fr=SRP%20Job%20Listing,80000.0
software developer,3,https://www.jobstreet.com.ph/en/job/software-developer-12972527?jobId=jobstreet-ph-job-12972527&sectionRank=43&token=0~78ea7e5d-826b-4fab-b98a-66f94b5765e1&fr=SRP%20Job%20Listing,80000.0
software developer,2,https://www.jobstreet.com.ph/en/job/software-developer-13002555?jobId=jobstreet-ph-job-13002555&sectionRank=48&token=0~78ea7e5d-826b-4fab-b98a-66f94b5765e1&fr=SRP%20Job%20Listing,40000.0
junior back end developer (go language),3,https://www.jobstreet.com.ph/en/job/junior-back-end-developer-go-language-13010773?jobId=jobstreet-ph-job-13010773&sectionRank=50&token=0~78ea7e5d-826b-4fab-b98a-66f94b5765e1&fr=SRP%20Job%20Listing,45000.0
software engineer,3,https://www.jobstreet.com.ph/en/job/software-engineer-13040068?jobId=jobstreet-ph-job-13040068&sectionRank=53&token=0~78ea7e5d-826b-4fab-b98a-66f94b5765e1&fr=SRP%20Job%20Listing,26000.0
openedge progress developer,3,https://www.jobstreet.com.ph/en/job/openedge-progress-developer-13021181?jobId=jobstreet-ph-job-13021181&sectionRank=58&token=0~78ea7e5d-826b-4fab-b98a-66f94b5765e1&fr=SRP%20Job%20Listing,50000.0
java programmer analyst,2,https://www.jobstreet.com.ph/en/job/java-programmer-analyst-13043387?jobId=jobstreet-ph-job-13043387&sectionRank=67&token=0~44c17787-f677-4bb8-9c34-13c071f05149&fr=SRP%20Job%20Listing,50000.0
dx developer,2,https://www.jobstreet.com.ph/en/job/dx-developer-13016559?jobId=jobstreet-ph-job-13016559&sectionRank=70&token=0~44c17787-f677-4bb8-9c34-13c071f05149&fr=SRP%20Job%20Listing,30000.0
it developer/ programmer (fac-230503-taytay),2,https://www.jobstreet.com.ph/en/job/it-developer-programmer-fac-230503-taytay-13013334?jobId=jobstreet-ph-job-13013334&sectionRank=79&token=0~44c17787-f677-4bb8-9c34-13c071f05149&fr=SRP%20Job%20Listing,21000.0
progress software engineer,3,https://www.jobstreet.com.ph/en/job/progress-software-engineer-13005391?jobId=jobstreet-ph-job-13005391&sectionRank=80&token=0~44c17787-f677-4bb8-9c34-13c071f05149&fr=SRP%20Job%20Listing,90000.0
web developer,3,https://www.jobstreet.com.ph/en/job/web-developer-13017234?jobId=jobstreet-ph-job-13017234&sectionRank=82&token=0~44c17787-f677-4bb8-9c34-13c071f05149&fr=SRP%20Job%20Listing,25000.0
senior developer i,7,https://www.jobstreet.com.ph/en/job/senior-developer-i-13000354?jobId=jobstreet-ph-job-13000354&sectionRank=91&token=0~8577f5b5-3ea7-4926-b2ee-984ecb0524ec&fr=SRP%20Job%20Listing,85000.0
system developer - quezon city,2,https://www.jobstreet.com.ph/en/job/system-developer-quezon-city-13016041?jobId=jobstreet-ph-job-13016041&sectionRank=92&token=0~8577f5b5-3ea7-4926-b2ee-984ecb0524ec&fr=SRP%20Job%20Listing,50000.0
software engineer,2,https://www.jobstreet.com.ph/en/job/software-engineer-12989625?jobId=jobstreet-ph-job-12989625&sectionRank=99&token=0~8577f5b5-3ea7-4926-b2ee-984ecb0524ec&fr=SRP%20Job%20Listing,30000.0
developer,4,https://www.jobstreet.com.ph/en/job/developer-13030102?jobId=jobstreet-ph-job-13030102&sectionRank=102&token=0~8577f5b5-3ea7-4926-b2ee-984ecb0524ec&fr=SRP%20Job%20Listing,60000.0
information developer,3,https://www.jobstreet.com.ph/en/job/information-developer-13019828?jobId=jobstreet-ph-job-13019828&sectionRank=103&token=0~8577f5b5-3ea7-4926-b2ee-984ecb0524ec&fr=SRP%20Job%20Listing,30000.0
postgresql developer,5,https://www.jobstreet.com.ph/en/job/postgresql-developer-13018357?jobId=jobstreet-ph-job-13018357&sectionRank=105&token=0~8577f5b5-3ea7-4926-b2ee-984ecb0524ec&fr=SRP%20Job%20Listing,40000.0
java developer,5,https://www.jobstreet.com.ph/en/job/java-developer-13042654?jobId=jobstreet-ph-job-13042654&sectionRank=109&token=0~8577f5b5-3ea7-4926-b2ee-984ecb0524ec&fr=SRP%20Job%20Listing,100000.0
programmer,2,https://www.jobstreet.com.ph/en/job/programmer-13003218?jobId=jobstreet-ph-job-13003218&sectionRank=119&token=0~8577f5b5-3ea7-4926-b2ee-984ecb0524ec&fr=SRP%20Job%20Listing,25000.0
full stack developer,3,https://www.jobstreet.com.ph/en/job/full-stack-developer-13035224?jobId=jobstreet-ph-job-13035224&sectionRank=120&token=0~8577f5b5-3ea7-4926-b2ee-984ecb0524ec&fr=SRP%20Job%20Listing,60000.0
php developer,6,https://www.jobstreet.com.ph/en/job/php-developer-12999318?jobId=jobstreet-ph-job-12999318&sectionRank=121&token=0~14bb4b49-dcb8-4168-9a3b-0e721076509f&fr=SRP%20Job%20Listing,70000.0
java developer - spring application framework,3,https://www.jobstreet.com.ph/en/job/java-developer-spring-application-framework-13018575?jobId=jobstreet-ph-job-13018575&sectionRank=127&token=0~14bb4b49-dcb8-4168-9a3b-0e721076509f&fr=SRP%20Job%20Listing,60000.0
programmer / developer,2,https://www.jobstreet.com.ph/en/job/programmer-developer-13031569?jobId=jobstreet-ph-job-13031569&sectionRank=128&token=0~14bb4b49-dcb8-4168-9a3b-0e721076509f&fr=SRP%20Job%20Listing,55000.0
oracle/netsuite developer,3,https://www.jobstreet.com.ph/en/job/oracle-netsuite-developer-13021053?jobId=jobstreet-ph-job-13021053&sectionRank=135&token=0~14bb4b49-dcb8-4168-9a3b-0e721076509f&fr=SRP%20Job%20Listing,50000.0
software developer,3,https://www.jobstreet.com.ph/en/job/software-developer-12989031?jobId=jobstreet-ph-job-12989031&sectionRank=142&token=0~14bb4b49-dcb8-4168-9a3b-0e721076509f&fr=SRP%20Job%20Listing,45000.0
software developer,5,https://www.jobstreet.com.ph/en/job/software-developer-13025410?jobId=jobstreet-ph-job-13025410&sectionRank=144&token=0~14bb4b49-dcb8-4168-9a3b-0e721076509f&fr=SRP%20Job%20Listing,35000.0
cobol programmer,2,https://www.jobstreet.com.ph/en/job/cobol-programmer-13016498?jobId=jobstreet-ph-job-13016498&sectionRank=146&token=0~14bb4b49-dcb8-4168-9a3b-0e721076509f&fr=SRP%20Job%20Listing,40000.0
junior programmer,3,https://www.jobstreet.com.ph/en/job/junior-programmer-13036515?jobId=jobstreet-ph-job-13036515&sectionRank=150&token=0~14bb4b49-dcb8-4168-9a3b-0e721076509f&fr=SRP%20Job%20Listing,30000.0
senior .net developer â€“ flexible working hours | makati,5,https://www.jobstreet.com.ph/en/job/senior-.net-developer-flexible-working-hours-%7C-makati-13019004?jobId=jobstreet-ph-job-13019004&sectionRank=1&token=0~2eaae880-a261-4adc-8ad5-fced78cd321f&fr=SRP%20Job%20Listing,80000.0
senior full stack developer (reactjs & c#.net) - remote,5,https://www.jobstreet.com.ph/en/job/senior-full-stack-developer-reactjs-c-.net-remote-13035412?jobId=jobstreet-ph-job-13035412&sectionRank=7&token=0~2eaae880-a261-4adc-8ad5-fced78cd321f&fr=SRP%20Job%20Listing,200000.0
senior developer i,7,https://www.jobstreet.com.ph/en/job/senior-developer-i-13000354?jobId=jobstreet-ph-job-13000354&sectionRank=10&token=0~2eaae880-a261-4adc-8ad5-fced78cd321f&fr=SRP%20Job%20Listing,85000.0
senior java developer,5,https://www.jobstreet.com.ph/en/job/senior-java-developer-13012929?jobId=jobstreet-ph-job-13012929&sectionRank=12&token=0~2eaae880-a261-4adc-8ad5-fced78cd321f&fr=SRP%20Job%20Listing,80000.0
senior software developer,3,https://www.jobstreet.com.ph/en/job/senior-software-developer-13041596?jobId=jobstreet-ph-job-13041596&sectionRank=13&token=0~2eaae880-a261-4adc-8ad5-fced78cd321f&fr=SRP%20Job%20Listing,50000.0
senior software developer wanted,5,https://www.jobstreet.com.ph/en/job/senior-software-developer-wanted-12994904?jobId=jobstreet-ph-job-12994904&sectionRank=22&token=0~2eaae880-a261-4adc-8ad5-fced78cd321f&fr=SRP%20Job%20Listing,70000.0
senior back-end developer,2,https://www.jobstreet.com.ph/en/job/senior-back-end-developer-13039598?jobId=jobstreet-ph-job-13039598&sectionRank=23&token=0~2eaae880-a261-4adc-8ad5-fced78cd321f&fr=SRP%20Job%20Listing,70000.0
python developer (mid - senior),3,https://www.jobstreet.com.ph/en/job/python-developer-mid-senior-13012504?jobId=jobstreet-ph-job-13012504&sectionRank=24&token=0~2eaae880-a261-4adc-8ad5-fced78cd321f&fr=SRP%20Job%20Listing,80000.0
senior java developer,5,https://www.jobstreet.com.ph/en/job/senior-java-developer-13018212?jobId=jobstreet-ph-job-13018212&sectionRank=25&token=0~2eaae880-a261-4adc-8ad5-fced78cd321f&fr=SRP%20Job%20Listing,90000.0
senior backend developer,5,https://www.jobstreet.com.ph/en/job/senior-backend-developer-13035463?jobId=jobstreet-ph-job-13035463&sectionRank=31&token=0~8f7cebd8-cd20-44c6-8ebd-e6d5798b5827&fr=SRP%20Job%20Listing,85000.0
senior developer,7,https://www.jobstreet.com.ph/en/job/senior-developer-13008187?jobId=jobstreet-ph-job-13008187&sectionRank=32&token=0~8f7cebd8-cd20-44c6-8ebd-e6d5798b5827&fr=SRP%20Job%20Listing,55000.0
senior software engineer / java developer (wfh set-up),3,https://www.jobstreet.com.ph/en/job/senior-software-engineer-java-developer-wfh-set-up-12999850?jobId=jobstreet-ph-job-12999850&sectionRank=34&token=0~8f7cebd8-cd20-44c6-8ebd-e6d5798b5827&fr=SRP%20Job%20Listing,80000.0
senior react native developer,2,https://www.jobstreet.com.ph/en/job/senior-react-native-developer-13019416?jobId=jobstreet-ph-job-13019416&sectionRank=35&token=0~8f7cebd8-cd20-44c6-8ebd-e6d5798b5827&fr=SRP%20Job%20Listing,230000.0
senior software developer,,https://www.jobstreet.com.ph/en/job/senior-software-developer-12994829?jobId=jobstreet-ph-job-12994829&sectionRank=41&token=0~8f7cebd8-cd20-44c6-8ebd-e6d5798b5827&fr=SRP%20Job%20Listing,125000.0
senior software developer,8,https://www.jobstreet.com.ph/en/job/senior-software-developer-12994829?jobId=jobstreet-ph-job-12994829&sectionRank=41&token=0~8f7cebd8-cd20-44c6-8ebd-e6d5798b5827&fr=SRP%20Job%20Listing,125000.0
"api/ web developer ( junior, mid, senior )",3,https://www.jobstreet.com.ph/en/job/api-web-developer-junior-mid-senior-13039238?jobId=jobstreet-ph-job-13039238&sectionRank=44&token=0~8f7cebd8-cd20-44c6-8ebd-e6d5798b5827&fr=SRP%20Job%20Listing,35000.0
senior .net developer,5,https://www.jobstreet.com.ph/en/job/senior-.net-developer-13036788?jobId=jobstreet-ph-job-13036788&sectionRank=50&token=0~8f7cebd8-cd20-44c6-8ebd-e6d5798b5827&fr=SRP%20Job%20Listing,75000.0
senior full stack web developer,4,https://www.jobstreet.com.ph/en/job/senior-full-stack-web-developer-13001764?jobId=jobstreet-ph-job-13001764&sectionRank=53&token=0~8f7cebd8-cd20-44c6-8ebd-e6d5798b5827&fr=SRP%20Job%20Listing,90000.0
"android developer ( junior, mid, senior )",3,https://www.jobstreet.com.ph/en/job/android-developer-junior-mid-senior-13039027?jobId=jobstreet-ph-job-13039027&sectionRank=58&token=0~8f7cebd8-cd20-44c6-8ebd-e6d5798b5827&fr=SRP%20Job%20Listing,45000.0
senior full stack .net developer - remote,5,https://www.jobstreet.com.ph/en/job/senior-full-stack-.net-developer-remote-12995297?jobId=jobstreet-ph-job-12995297&sectionRank=59&token=0~8f7cebd8-cd20-44c6-8ebd-e6d5798b5827&fr=SRP%20Job%20Listing,130000.0
senior java developer (makati: up to 100k!) jph1,5,https://www.jobstreet.com.ph/en/job/senior-java-developer-makati%3A-up-to-100k!-jph1-13043145?jobId=jobstreet-ph-job-13043145&sectionRank=60&token=0~8f7cebd8-cd20-44c6-8ebd-e6d5798b5827&fr=SRP%20Job%20Listing,80000.0
"ios developer ( junior,mid,senior)",3,https://www.jobstreet.com.ph/en/job/ios-developer-junior-mid-senior-13038897?jobId=jobstreet-ph-job-13038897&sectionRank=65&token=0~5dfac7ef-476b-4b21-aa50-fc146765a819&fr=SRP%20Job%20Listing,45000.0
senior system developer,3,https://www.jobstreet.com.ph/en/job/senior-system-developer-13009212?jobId=jobstreet-ph-job-13009212&sectionRank=77&token=0~5dfac7ef-476b-4b21-aa50-fc146765a819&fr=SRP%20Job%20Listing,50000.0
senior business analyst/bi developer -contract based,5,https://www.jobstreet.com.ph/en/job/senior-business-analyst-bi-developer-contract-based-13039989?jobId=jobstreet-ph-job-13039989&sectionRank=91&token=0~0c3f1aab-362a-4f65-abe2-fb642ba89c0e&fr=SRP%20Job%20Listing,110000.0
senior frontend developer,7,https://www.jobstreet.com.ph/en/job/senior-frontend-developer-13029182?jobId=jobstreet-ph-job-13029182&sectionRank=100&token=0~0c3f1aab-362a-4f65-abe2-fb642ba89c0e&fr=SRP%20Job%20Listing,120000.0
senior java developer,5,https://www.jobstreet.com.ph/en/job/senior-java-developer-12986229?jobId=jobstreet-ph-job-12986229&sectionRank=101&token=0~0c3f1aab-362a-4f65-abe2-fb642ba89c0e&fr=SRP%20Job%20Listing,110000.0
senior java developer (makati: up to 100k!) jph1,5,https://www.jobstreet.com.ph/en/job/senior-java-developer-makati%3A-up-to-100k!-jph1-13027990?jobId=jobstreet-ph-job-13027990&sectionRank=102&token=0~0c3f1aab-362a-4f65-abe2-fb642ba89c0e&fr=SRP%20Job%20Listing,80000.0
senior ui developer,5,https://www.jobstreet.com.ph/en/job/senior-ui-developer-13030420?jobId=jobstreet-ph-job-13030420&sectionRank=103&token=0~0c3f1aab-362a-4f65-abe2-fb642ba89c0e&fr=SRP%20Job%20Listing,80000.0
senior software developer,5,https://www.jobstreet.com.ph/en/job/senior-software-developer-13031059?jobId=jobstreet-ph-job-13031059&sectionRank=105&token=0~0c3f1aab-362a-4f65-abe2-fb642ba89c0e&fr=SRP%20Job%20Listing,65000.0
relocate to cebu | full stack developers | c#.net | angular | relocation package,5,https://www.jobstreet.com.ph/en/job/relocate-to-cebu-%7C-full-stack-developers-%7C-c-.net-%7C-angular-%7C-relocation-package-13017936?jobId=jobstreet-ph-job-13017936&sectionRank=109&token=0~0c3f1aab-362a-4f65-abe2-fb642ba89c0e&fr=SRP%20Job%20Listing,100000.0
senior web developer ( night shift ),5,https://www.jobstreet.com.ph/en/job/senior-web-developer-night-shift-12993366?jobId=jobstreet-ph-job-12993366&sectionRank=115&token=0~0c3f1aab-362a-4f65-abe2-fb642ba89c0e&fr=SRP%20Job%20Listing,60000.0
senior frontend web developer,5,https://www.jobstreet.com.ph/en/job/senior-frontend-web-developer-12982806?jobId=jobstreet-ph-job-12982806&sectionRank=121&token=0~ef3e7e9a-8cf2-4a20-a525-c67cad50b3c3&fr=SRP%20Job%20Listing,130000.0
web developer (full stack),3,https://www.jobstreet.com.ph/en/job/web-developer-full-stack-13013105?jobId=jobstreet-ph-job-13013105&sectionRank=123&token=0~ef3e7e9a-8cf2-4a20-a525-c67cad50b3c3&fr=SRP%20Job%20Listing,40000.0
senior full-stack engineer,5,https://www.jobstreet.com.ph/en/job/senior-full-stack-engineer-13016053?jobId=jobstreet-ph-job-13016053&sectionRank=124&token=0~ef3e7e9a-8cf2-4a20-a525-c67cad50b3c3&fr=SRP%20Job%20Listing,100000.0
senior java developer (makati: up to 100k!) jph1,5,https://www.jobstreet.com.ph/en/job/senior-java-developer-makati%3A-up-to-100k!-jph1-12981541?jobId=jobstreet-ph-job-12981541&sectionRank=125&token=0~ef3e7e9a-8cf2-4a20-a525-c67cad50b3c3&fr=SRP%20Job%20Listing,80000.0
senior software engineer (.net),5,https://www.jobstreet.com.ph/en/job/senior-software-engineer-.net-13038035?jobId=jobstreet-ph-job-13038035&sectionRank=131&token=0~ef3e7e9a-8cf2-4a20-a525-c67cad50b3c3&fr=SRP%20Job%20Listing,80000.0
senior front-end developer - work from home,5,https://www.jobstreet.com.ph/en/job/senior-front-end-developer-work-from-home-12977287?jobId=jobstreet-ph-job-12977287&sectionRank=139&token=0~ef3e7e9a-8cf2-4a20-a525-c67cad50b3c3&fr=SRP%20Job%20Listing,50000.0
senior full stack developer,5,https://www.jobstreet.com.ph/en/job/senior-full-stack-developer-13013349?jobId=jobstreet-ph-job-13013349&sectionRank=140&token=0~ef3e7e9a-8cf2-4a20-a525-c67cad50b3c3&fr=SRP%20Job%20Listing,100000.0
senior software developer,5,https://www.jobstreet.com.ph/en/job/senior-software-developer-13023995?jobId=jobstreet-ph-job-13023995&sectionRank=144&token=0~ef3e7e9a-8cf2-4a20-a525-c67cad50b3c3&fr=SRP%20Job%20Listing,80000.0
senior react developer (cebu-based) - remote,5,https://www.jobstreet.com.ph/en/job/senior-react-developer-cebu-based-remote-12985146?jobId=jobstreet-ph-job-12985146&sectionRank=150&token=0~ef3e7e9a-8cf2-4a20-a525-c67cad50b3c3&fr=SRP%20Job%20Listing,90000.0
project manager,3,https://www.jobstreet.com.ph/en/job/project-manager-13043510?jobId=jobstreet-ph-job-13043510&sectionRank=2&token=0~492a8ba5-c0ed-49c8-b0e8-de983198c87c&fr=SRP%20Job%20Listing,60000.0
project manager (cloud migration),3,https://www.jobstreet.com.ph/en/job/project-manager-cloud-migration-13020368?jobId=jobstreet-ph-job-13020368&sectionRank=8&token=0~492a8ba5-c0ed-49c8-b0e8-de983198c87c&fr=SRP%20Job%20Listing,100000.0
agile project manager/scrum master,3,https://www.jobstreet.com.ph/en/job/agile-project-manager-scrum-master-13006170?jobId=jobstreet-ph-job-13006170&sectionRank=12&token=0~492a8ba5-c0ed-49c8-b0e8-de983198c87c&fr=SRP%20Job%20Listing,70000.0
project manager (network/security),3,https://www.jobstreet.com.ph/en/job/project-manager-network-security-13020391?jobId=jobstreet-ph-job-13020391&sectionRank=21&token=0~492a8ba5-c0ed-49c8-b0e8-de983198c87c&fr=SRP%20Job%20Listing,100000.0
project manager business development (90k) start asap!!!,5,https://www.jobstreet.com.ph/en/job/project-manager-business-development-90k-start-asap!!!-13020022?jobId=jobstreet-ph-job-13020022&sectionRank=27&token=0~492a8ba5-c0ed-49c8-b0e8-de983198c87c&fr=SRP%20Job%20Listing,90000.0
agile project manager/scrum master | hybrid | bgc,3,https://www.jobstreet.com.ph/en/job/agile-project-manager-scrum-master-%7C-hybrid-%7C-bgc-13006114?jobId=jobstreet-ph-job-13006114&sectionRank=28&token=0~492a8ba5-c0ed-49c8-b0e8-de983198c87c&fr=SRP%20Job%20Listing,90000.0
project manager,5,https://www.jobstreet.com.ph/en/job/project-manager-13000202?jobId=jobstreet-ph-job-13000202&sectionRank=35&token=0~1f9130ae-d0c7-4a29-aed5-9ac8bb8d1058&fr=SRP%20Job%20Listing,45000.0
construction manager,7,https://www.jobstreet.com.ph/en/job/construction-manager-13005915?jobId=jobstreet-ph-job-13005915&sectionRank=36&token=0~1f9130ae-d0c7-4a29-aed5-9ac8bb8d1058&fr=SRP%20Job%20Listing,50000.0
it project manager,2,https://www.jobstreet.com.ph/en/job/it-project-manager-13043388?jobId=jobstreet-ph-job-13043388&sectionRank=38&token=0~1f9130ae-d0c7-4a29-aed5-9ac8bb8d1058&fr=SRP%20Job%20Listing,50000.0
[je] sr. project manager - infrastructure (permanent / hybrid),8,https://www.jobstreet.com.ph/en/job/%5Bje%5D-sr.-project-manager-infrastructure-permanent-hybrid-13005180?jobId=jobstreet-ph-job-13005180&sectionRank=44&token=0~1f9130ae-d0c7-4a29-aed5-9ac8bb8d1058&fr=SRP%20Job%20Listing,150000.0
project manager,5,https://www.jobstreet.com.ph/en/job/project-manager-13018689?jobId=jobstreet-ph-job-13018689&sectionRank=46&token=0~1f9130ae-d0c7-4a29-aed5-9ac8bb8d1058&fr=SRP%20Job%20Listing,35000.0
engineering manager (solar),4,https://www.jobstreet.com.ph/en/job/engineering-manager-solar-13002192?jobId=jobstreet-ph-job-13002192&sectionRank=47&token=0~1f9130ae-d0c7-4a29-aed5-9ac8bb8d1058&fr=SRP%20Job%20Listing,45000.0
project manager,10,https://www.jobstreet.com.ph/en/job/project-manager-12997650?jobId=jobstreet-ph-job-12997650&sectionRank=52&token=0~1f9130ae-d0c7-4a29-aed5-9ac8bb8d1058&fr=SRP%20Job%20Listing,45000.0
project coordinator,5,https://www.jobstreet.com.ph/en/job/project-coordinator-13019087?jobId=jobstreet-ph-job-13019087&sectionRank=64&token=0~9600d752-c7e8-47bb-8106-f68e3ff0777d&fr=SRP%20Job%20Listing,35000.0
project coordinator,2,https://www.jobstreet.com.ph/en/job/project-coordinator-13027216?jobId=jobstreet-ph-job-13027216&sectionRank=66&token=0~9600d752-c7e8-47bb-8106-f68e3ff0777d&fr=SRP%20Job%20Listing,50000.0
aws project manager,5,https://www.jobstreet.com.ph/en/job/aws-project-manager-12999035?jobId=jobstreet-ph-job-12999035&sectionRank=79&token=0~9600d752-c7e8-47bb-8106-f68e3ff0777d&fr=SRP%20Job%20Listing,75000.0
project manager (it) - crewing and business process,5,https://www.jobstreet.com.ph/en/job/project-manager-it-crewing-and-business-process-13005010?jobId=jobstreet-ph-job-13005010&sectionRank=89&token=0~9600d752-c7e8-47bb-8106-f68e3ff0777d&fr=SRP%20Job%20Listing,90000.0
construction manager,5,https://www.jobstreet.com.ph/en/job/construction-manager-13004373?jobId=jobstreet-ph-job-13004373&sectionRank=90&token=0~9600d752-c7e8-47bb-8106-f68e3ff0777d&fr=SRP%20Job%20Listing,45000.0
construction contract manager,5,https://www.jobstreet.com.ph/en/job/construction-contract-manager-13012800?jobId=jobstreet-ph-job-13012800&sectionRank=95&token=0~2a18963b-f352-4bc6-a952-919fe258a721&fr=SRP%20Job%20Listing,60000.0
it project manager,5,https://www.jobstreet.com.ph/en/job/it-project-manager-13041079?jobId=jobstreet-ph-job-13041079&sectionRank=108&token=0~2a18963b-f352-4bc6-a952-919fe258a721&fr=SRP%20Job%20Listing,90000.0
technical manager / project manager (renewable energy projects),5,https://www.jobstreet.com.ph/en/job/technical-manager-project-manager-renewable-energy-projects-12999575?jobId=jobstreet-ph-job-12999575&sectionRank=115&token=0~2a18963b-f352-4bc6-a952-919fe258a721&fr=SRP%20Job%20Listing,70000.0
technical delivery manager ( .net ),5,https://www.jobstreet.com.ph/en/job/technical-delivery-manager-.net-13043399?jobId=jobstreet-ph-job-13043399&sectionRank=124&token=0~73e5e2dd-0803-4209-a88a-875376393b87&fr=SRP%20Job%20Listing,60000.0
project program & service management analyst,2,https://www.jobstreet.com.ph/en/job/project-program-service-management-analyst-13036979?jobId=jobstreet-ph-job-13036979&sectionRank=128&token=0~73e5e2dd-0803-4209-a88a-875376393b87&fr=SRP%20Job%20Listing,33000.0
project manager - infrastructure | onsite | dayshift | project based,5,https://www.jobstreet.com.ph/en/job/project-manager-infrastructure-%7C-onsite-%7C-dayshift-%7C-project-based-13025998?jobId=jobstreet-ph-job-13025998&sectionRank=130&token=0~73e5e2dd-0803-4209-a88a-875376393b87&fr=SRP%20Job%20Listing,100000.0
construction manager,15,https://www.jobstreet.com.ph/en/job/construction-manager-13034984?jobId=jobstreet-ph-job-13034984&sectionRank=131&token=0~73e5e2dd-0803-4209-a88a-875376393b87&fr=SRP%20Job%20Listing,40000.0
partnership associate &project manager for emerging customers,5,https://www.jobstreet.com.ph/en/job/partnership-associate-project-manager-for-emerging-customers-12997630?jobId=jobstreet-ph-job-12997630&sectionRank=139&token=0~73e5e2dd-0803-4209-a88a-875376393b87&fr=SRP%20Job%20Listing,100000.0
brand project manager,5,https://www.jobstreet.com.ph/en/job/brand-project-manager-13033302?jobId=jobstreet-ph-job-13033302&sectionRank=140&token=0~73e5e2dd-0803-4209-a88a-875376393b87&fr=SRP%20Job%20Listing,55000.0
project manager for ship building,8,https://www.jobstreet.com.ph/en/job/project-manager-for-ship-building-13033599?jobId=jobstreet-ph-job-13033599&sectionRank=143&token=0~73e5e2dd-0803-4209-a88a-875376393b87&fr=SRP%20Job%20Listing,120000.0
construction project-in-charge,15,https://www.jobstreet.com.ph/en/job/construction-project-in-charge-13000998?jobId=jobstreet-ph-job-13000998&sectionRank=147&token=0~73e5e2dd-0803-4209-a88a-875376393b87&fr=SRP%20Job%20Listing,50000.0
hr officer (technical recruitment),2,https://www.jobstreet.com.ph/en/job/hr-officer-technical-recruitment-12988788?jobId=jobstreet-ph-job-12988788&sectionRank=7&token=0~df7a1d53-14d0-4e4f-aa73-12553ea7f1da&fr=SRP%20Job%20Listing,25000.0
chief information officer,20,https://www.jobstreet.com.ph/en/job/chief-information-officer-13038030?jobId=jobstreet-ph-job-13038030&sectionRank=8&token=0~df7a1d53-14d0-4e4f-aa73-12553ea7f1da&fr=SRP%20Job%20Listing,250000.0
remote assistant for cto,2,https://www.jobstreet.com.ph/en/job/remote-assistant-for-cto-12988374?jobId=jobstreet-ph-job-12988374&sectionRank=9&token=0~df7a1d53-14d0-4e4f-aa73-12553ea7f1da&fr=SRP%20Job%20Listing,20000.0
senior software engineer - python centric,8,https://www.jobstreet.com.ph/en/job/senior-software-engineer-python-centric-12998489?jobId=jobstreet-ph-job-12998489&sectionRank=17&token=0~df7a1d53-14d0-4e4f-aa73-12553ea7f1da&fr=SRP%20Job%20Listing,130000.0
technical support analyst,5,https://www.jobstreet.com.ph/en/job/technical-support-analyst-12990827?jobId=jobstreet-ph-job-12990827&sectionRank=20&token=0~df7a1d53-14d0-4e4f-aa73-12553ea7f1da&fr=SRP%20Job%20Listing,50000.0
systems administrator (work from home),5,https://www.jobstreet.com.ph/en/job/systems-administrator-work-from-home-12981890?jobId=jobstreet-ph-job-12981890&sectionRank=21&token=0~df7a1d53-14d0-4e4f-aa73-12553ea7f1da&fr=SRP%20Job%20Listing,50000.0
software engineer - python centric,3,https://www.jobstreet.com.ph/en/job/software-engineer-python-centric-12997595?jobId=jobstreet-ph-job-12997595&sectionRank=24&token=0~df7a1d53-14d0-4e4f-aa73-12553ea7f1da&fr=SRP%20Job%20Listing,100000.0
"property accountant | hybrid, night-shift | up to php50k",5,https://www.jobstreet.com.ph/en/job/property-accountant-%7C-hybrid-night-shift-%7C-up-to-php50k-12977841?jobId=jobstreet-ph-job-12977841&sectionRank=26&token=0~df7a1d53-14d0-4e4f-aa73-12553ea7f1da&fr=SRP%20Job%20Listing,45000.0
ao ii-fad hr -28-23,4,https://www.jobstreet.com.ph/en/job/ao-ii-fad-hr-28-23-12996768?jobId=jobstreet-ph-job-12996768&sectionRank=28&token=0~df7a1d53-14d0-4e4f-aa73-12553ea7f1da&fr=SRP%20Job%20Listing,32000.0
"construction project coordinator | wfh (cebu), night-shift | up to php50k",4,https://www.jobstreet.com.ph/en/job/construction-project-coordinator-%7C-wfh-cebu-night-shift-%7C-up-to-php50k-12977747?jobId=jobstreet-ph-job-12977747&sectionRank=30&token=0~df7a1d53-14d0-4e4f-aa73-12553ea7f1da&fr=SRP%20Job%20Listing,45000.0
